{"cameraMode":{"drawMode":0,"name":"Shaded","section":"Shading Mode"},"sceneLighting":true,"audioPlay":false,"sceneViewState":{"m_AlwaysRefresh":false,"showFog":true,"showSkybox":true,"showFlares":true,"showImageEffects":true,"showParticleSystems":true,"showVisualEffectGraphs":true,"m_FxEnabled":true},"in2DMode":false,"pivot":{"x":7.571033477783203,"y":27.454294204711915,"z":-59.00511169433594},"rotation":{"x":0.242408886551857,"y":-0.0017143342411145568,"z":0.000627809320576489,"w":0.9703391790390015},"size":30.41275405883789,"orthographic":false}