{"cameraMode":{"drawMode":0,"name":"Shaded","section":"Shading Mode"},"sceneLighting":true,"audioPlay":false,"sceneViewState":{"m_AlwaysRefresh":false,"showFog":true,"showSkybox":true,"showFlares":true,"showImageEffects":true,"showParticleSystems":true,"showVisualEffectGraphs":true,"m_FxEnabled":true},"in2DMode":false,"pivot":{"x":42.076988220214847,"y":3.255056619644165,"z":-24.690662384033204},"rotation":{"x":-0.21229586005210877,"y":-0.4189760684967041,"z":0.10109934210777283,"w":-0.8772759437561035},"size":1.4144452810287476,"orthographic":false}